[GLUe]_0	Values[V_OXPHOS].InitialValue	(OXPHOS).Flux
0.5	0	0
0.5	0.035	0.0267817
0.5	0.07	0.0534728
0.5	0.105	0.0800768
0.5	0.14	0.106596
0.5	0.175	0.133034
0.5	0.21	0.159393
0.5	0.245	0.185674
0.5	0.28	0.21188
0.5	0.315	0.238013
0.5	0.35	0.264073
0.5	0.385	0.290063
0.5	0.42	0.315984
0.5	0.455	0.341836
0.5	0.49	0.367621
0.5	0.525	0.393341
0.5	0.56	0.418995
0.5	0.595	0.444585
0.5	0.63	0.470111
0.5	0.665	0.495575
0.5	0.7	0.520976
0.5	0.735	0.546316
0.5	0.77	0.571595
0.5	0.805	0.596813
0.5	0.84	0.621971
0.5	0.875	0.64707
0.5	0.91	0.67211
0.5	0.945	0.697091
0.5	0.98	0.722014
0.5	1.015	0.746878
0.5	1.05	0.771685
0.5	1.085	0.796435
0.5	1.12	0.821127
0.5	1.155	0.845762
0.5	1.19	0.870341
0.5	1.225	0.894862
0.5	1.26	0.919328
0.5	1.295	0.943738
0.5	1.33	0.968091
0.5	1.365	0.992389
0.5	1.4	1.01663
0.5	1.435	1.04082
0.5	1.47	1.06495
0.5	1.505	1.08902
0.5	1.54	1.11304
0.5	1.575	1.13701
0.5	1.61	1.16092
0.5	1.645	1.18478
0.5	1.68	1.20858
0.5	1.715	1.23232
0.5	1.75	1.25601
0.5	1.785	1.27965
0.5	1.82	1.30323
0.5	1.855	1.32676
0.5	1.89	1.35023
0.5	1.925	1.37365
0.5	1.96	1.39701
0.5	1.995	1.42032
0.5	2.03	1.44358
0.5	2.065	1.46678
0.5	2.1	1.48992
0.5	2.135	1.51301
0.5	2.17	1.53605
0.5	2.205	1.55903
0.5	2.24	1.58196
0.5	2.275	1.60484
0.5	2.31	1.62766
0.5	2.345	1.65042
0.5	2.38	1.67314
0.5	2.415	1.69579
0.5	2.45	1.7184
0.5	2.485	1.74095
0.5	2.52	1.76344
0.5	2.555	1.78588
0.5	2.59	1.80827
0.5	2.625	1.8306
0.5	2.66	1.85288
0.5	2.695	1.8751
0.5	2.73	1.89727
0.5	2.765	1.91938
0.5	2.8	1.94144
0.5	2.835	1.96345
0.5	2.87	1.9854
0.5	2.905	2.0073
0.5	2.94	2.02914
0.5	2.975	2.05093
0.5	3.01	2.07267
0.5	3.045	2.09435
0.5	3.08	2.11597
0.5	3.115	2.13754
0.5	3.15	2.15906
0.5	3.185	2.18052
0.5	3.22	2.20193
0.5	3.255	2.22328
0.5	3.29	2.24458
0.5	3.325	2.26583
0.5	3.36	2.28702
0.5	3.395	2.30816
0.5	3.43	2.32924
0.5	3.465	2.35026
0.5	3.5	2.37124
0.5	3.535	2.39215
0.5	3.57	2.41302
0.5	3.605	2.43383
0.5	3.64	2.45458
0.5	3.675	2.47528
0.5	3.71	2.49593
0.5	3.745	2.51652
0.5	3.78	2.53705
0.5	3.815	2.55754
0.5	3.85	2.57796
0.5	3.885	2.59834
0.5	3.92	2.61865
0.5	3.955	2.63892
0.5	3.99	2.65913
0.5	4.025	2.67928
0.5	4.06	2.69938
0.5	4.095	2.71943
0.5	4.13	2.73942
0.5	4.165	2.75935
0.5	4.2	2.77924
0.5	4.235	2.79906
0.5	4.27	2.81884
0.5	4.305	2.83855
0.5	4.34	2.85822
0.5	4.375	2.87783
0.5	4.41	2.89738
0.5	4.445	2.91688
0.5	4.48	2.93633
0.5	4.515	2.95572
0.5	4.55	2.97505
0.5	4.585	2.99433
0.5	4.62	3.01356
0.5	4.655	3.03273
0.5	4.69	3.05185
0.5	4.725	3.07092
0.5	4.76	3.08993
0.5	4.795	3.10888
0.5	4.83	3.12778
0.5	4.865	3.14663
0.5	4.9	3.16542
0.5	4.935	3.18415
0.5	4.97	3.20284
0.5	5.005	3.22147
0.5	5.04	3.24004
0.5	5.075	3.25856
0.5	5.11	3.27702
0.5	5.145	3.29543
0.5	5.18	3.31379
0.5	5.215	3.33209
0.5	5.25	3.35034
0.5	5.285	3.36853
0.5	5.32	3.38667
0.5	5.355	3.40476
0.5	5.39	3.42279
0.5	5.425	3.44077
0.5	5.46	3.45869
0.5	5.495	3.47656
0.5	5.53	3.49437
0.5	5.565	3.51213
0.5	5.6	3.52984
0.5	5.635	3.54749
0.5	5.67	3.56509
0.5	5.705	3.58263
0.5	5.74	3.60012
0.5	5.775	3.61756
0.5	5.81	3.63494
0.5	5.845	3.65226
0.5	5.88	3.66954
0.5	5.915	3.68676
0.5	5.95	3.70392
0.5	5.985	3.72104
0.5	6.02	3.7381
0.5	6.055	3.7551
0.5	6.09	3.77205
0.5	6.125	3.78895
0.5	6.16	3.80579
0.5	6.195	3.82258
0.5	6.23	3.83932
0.5	6.265	3.856
0.5	6.3	3.87263
0.5	6.335	3.88921
0.5	6.37	3.90573
0.5	6.405	3.9222
0.5	6.44	3.93861
0.5	6.475	3.95497
0.5	6.51	3.97128
0.5	6.545	3.98754
0.5	6.58	4.00374
0.5	6.615	4.01989
0.5	6.65	4.03598
0.5	6.685	4.05202
0.5	6.72	4.06801
0.5	6.755	4.08395
0.5	6.79	4.09983
0.5	6.825	4.11566
0.5	6.86	4.13143
0.5	6.895	4.14715
0.5	6.93	4.16282
0.5	6.965	4.17844
0.5	7	4.194
0.5	7.035	4.20951
0.5	7.07	4.22497
0.5	7.105	4.24038
0.5	7.14	4.25573
0.5	7.175	4.27103
0.5	7.21	4.28627
0.5	7.245	4.30147
0.5	7.28	4.31661
0.5	7.315	4.3317
0.5	7.35	4.34673
0.5	7.385	4.36171
0.5	7.42	4.37664
0.5	7.455	4.39152
0.5	7.49	4.40635
0.5	7.525	4.42112
0.5	7.56	4.43584
0.5	7.595	4.45051
0.5	7.63	4.46512
0.5	7.665	4.47968
0.5	7.7	4.49419
0.5	7.735	4.50865
0.5	7.77	4.52306
0.5	7.805	4.53741
0.5	7.84	4.55171
0.5	7.875	4.56596
0.5	7.91	4.58016
0.5	7.945	4.5943
0.5	7.98	4.60839
0.5	8.015	4.62243
0.5	8.05	4.63642
0.5	8.085	4.65036
0.5	8.12	4.66424
0.5	8.155	4.67807
0.5	8.19	4.69185
0.5	8.225	4.70558
0.5	8.26	4.71926
0.5	8.295	4.73288
0.5	8.33	4.74645
0.5	8.365	4.75997
0.5	8.4	4.77344
0.5	8.435	4.78686
0.5	8.47	4.80023
0.5	8.505	4.81354
0.5	8.54	4.8268
0.5	8.575	4.84001
0.5	8.61	4.85317
0.5	8.645	4.86628
0.5	8.68	4.87933
0.5	8.715	4.89234
0.5	8.75	4.90529
0.5	8.785	4.91819
0.5	8.82	4.93104
0.5	8.855	4.94384
0.5	8.89	4.95658
0.5	8.925	4.96928
0.5	8.96	4.98192
0.5	8.995	4.99451
0.5	9.03	5.00706
0.5	9.065	5.01955
0.5	9.1	5.03198
0.5	9.135	5.04437
0.5	9.17	5.05671
0.5	9.205	5.06899
0.5	9.24	5.08123
0.5	9.275	5.09341
0.5	9.31	5.10554
0.5	9.345	5.11762
0.5	9.38	5.12965
0.5	9.415	5.14163
0.5	9.45	5.15356
0.5	9.485	5.16543
0.5	9.52	5.17726
0.5	9.555	5.18903
0.5	9.59	5.20075
0.5	9.625	5.21243
0.5	9.66	5.22405
0.5	9.695	5.23562
0.5	9.73	5.24714
0.5	9.765	5.25861
0.5	9.8	5.27003
0.5	9.835	5.2814
0.5	9.87	5.29272
0.5	9.905	5.30398
0.5	9.94	5.3152
0.5	9.975	5.32636
0.5	10.01	5.33748
0.5	10.045	5.34854
0.5	10.08	5.35956
0.5	10.115	5.37052
0.5	10.15	5.38144
0.5	10.185	5.3923
0.5	10.22	5.40311
0.5	10.255	5.41388
0.5	10.29	5.42459
0.5	10.325	5.43525
0.5	10.36	5.44586
0.5	10.395	5.45642
0.5	10.43	5.46694
0.5	10.465	5.4774
0.5	10.5	5.48781
0.5	10.535	5.49817
0.5	10.57	5.50848
0.5	10.605	5.51874
0.5	10.64	5.52896
0.5	10.675	5.53912
0.5	10.71	5.54923
0.5	10.745	5.55929
0.5	10.78	5.56931
0.5	10.815	5.57927
0.5	10.85	5.58919
0.5	10.885	5.59905
0.5	10.92	5.60887
0.5	10.955	5.61863
0.5	10.99	5.62835
0.5	11.025	5.63802
0.5	11.06	5.64763
0.5	11.095	5.6572
0.5	11.13	5.66672
0.5	11.165	5.67619
0.5	11.2	5.68561
0.5	11.235	5.69499
0.5	11.27	5.70431
0.5	11.305	5.71359
0.5	11.34	5.72281
0.5	11.375	5.73199
0.5	11.41	5.74112
0.5	11.445	5.7502
0.5	11.48	5.75923
0.5	11.515	5.76822
0.5	11.55	5.77715
0.5	11.585	5.78604
0.5	11.62	5.79488
0.5	11.655	5.80367
0.5	11.69	5.81242
0.5	11.725	5.82111
0.5	11.76	5.82976
0.5	11.795	5.83836
0.5	11.83	5.84691
0.5	11.865	5.85542
0.5	11.9	5.86388
0.5	11.935	5.87229
0.5	11.97	5.88065
0.5	12.005	5.88896
0.5	12.04	5.89723
0.5	12.075	5.90546
0.5	12.11	5.91363
0.5	12.145	5.92176
0.5	12.18	5.92984
0.5	12.215	5.93788
0.5	12.25	5.94587
0.5	12.285	5.95381
0.5	12.32	5.9617
0.5	12.355	5.96955
0.5	12.39	5.97736
0.5	12.425	5.98512
0.5	12.46	5.99283
0.5	12.495	6.0005
0.5	12.53	6.00812
0.5	12.565	6.0157
0.5	12.6	6.02323
0.5	12.635	6.03071
0.5	12.67	6.03815
0.5	12.705	6.04555
0.5	12.74	6.0529
0.5	12.775	6.06021
0.5	12.81	6.06747
0.5	12.845	6.07469
0.5	12.88	6.08186
0.5	12.915	6.08899
0.5	12.95	6.09608
0.5	12.985	6.10312
0.5	13.02	6.11012
0.5	13.055	6.11708
0.5	13.09	6.12399
0.5	13.125	6.13086
0.5	13.16	6.13769
0.5	13.195	6.14447
0.5	13.23	6.15121
0.5	13.265	6.15791
0.5	13.3	6.16456
0.5	13.335	6.17118
0.5	13.37	6.17775
0.5	13.405	6.18428
0.5	13.44	6.19077
0.5	13.475	6.19721
0.5	13.51	6.20362
0.5	13.545	6.20998
0.5	13.58	6.2163
0.5	13.615	6.22259
0.5	13.65	6.22883
0.5	13.685	6.23503
0.5	13.72	6.24119
0.5	13.755	6.24731
0.5	13.79	6.25339
0.5	13.825	6.25943
0.5	13.86	6.26543
0.5	13.895	6.27139
0.5	13.93	6.27731
0.5	13.965	6.2832
0.5	14	6.28904
0.5	14.035	6.29484
0.5	14.07	6.30061
0.5	14.105	6.30634
0.5	14.14	6.31203
0.5	14.175	6.31768
0.5	14.21	6.3233
0.5	14.245	6.32887
0.5	14.28	6.33441
0.5	14.315	6.33991
0.5	14.35	6.34538
0.5	14.385	6.35081
0.5	14.42	6.3562
0.5	14.455	6.36155
0.5	14.49	6.36687
0.5	14.525	6.37216
0.5	14.56	6.3774
0.5	14.595	6.38261
0.5	14.63	6.38779
0.5	14.665	6.39293
0.5	14.7	6.39804
0.5	14.735	6.40311
0.5	14.77	6.40814
0.5	14.805	6.41314
0.5	14.84	6.41811
0.5	14.875	6.42304
0.5	14.91	6.42794
0.5	14.945	6.43281
0.5	14.98	6.43764
0.5	15.015	6.44244
0.5	15.05	6.4472
0.5	15.085	6.45193
0.5	15.12	6.45663
0.5	15.155	6.4613
0.5	15.19	6.46594
0.5	15.225	6.47054
0.5	15.26	6.47511
0.5	15.295	6.47965
0.5	15.33	6.48416
0.5	15.365	6.48863
0.5	15.4	6.49308
0.5	15.435	6.49749
0.5	15.47	6.50188
0.5	15.505	6.50623
0.5	15.54	6.51055
0.5	15.575	6.51485
0.5	15.61	6.51911
0.5	15.645	6.52334
0.5	15.68	6.52754
0.5	15.715	6.53172
0.5	15.75	6.53586
0.5	15.785	6.53998
0.5	15.82	6.54407
0.5	15.855	6.54813
0.5	15.89	6.55216
0.5	15.925	6.55616
0.5	15.96	6.56013
0.5	15.995	6.56408
0.5	16.03	6.568
0.5	16.065	6.57189
0.5	16.1	6.57575
0.5	16.135	6.57959
0.5	16.17	6.5834
0.5	16.205	6.58719
0.5	16.24	6.59094
0.5	16.275	6.59467
0.5	16.31	6.59838
0.5	16.345	6.60206
0.5	16.38	6.60571
0.5	16.415	6.60934
0.5	16.45	6.61294
0.5	16.485	6.61652
0.5	16.52	6.62007
0.5	16.555	6.6236
0.5	16.59	6.6271
0.5	16.625	6.63058
0.5	16.66	6.63404
0.5	16.695	6.63747
0.5	16.73	6.64087
0.5	16.765	6.64426
0.5	16.8	6.64762
0.5	16.835	6.65095
0.5	16.87	6.65427
0.5	16.905	6.65755
0.5	16.94	6.66082
0.5	16.975	6.66407
0.5	17.01	6.66729
0.5	17.045	6.67049
0.5	17.08	6.67366
0.5	17.115	6.67682
0.5	17.15	6.67995
0.5	17.185	6.68307
0.5	17.22	6.68616
0.5	17.255	6.68923
0.5	17.29	6.69227
0.5	17.325	6.6953
0.5	17.36	6.69831
0.5	17.395	6.70129
0.5	17.43	6.70426
0.5	17.465	6.7072
0.5	17.5	6.71013
0.5	17.535	6.71303
0.5	17.57	6.71591
0.5	17.605	6.71878
0.5	17.64	6.72162
0.5	17.675	6.72445
0.5	17.71	6.72726
0.5	17.745	6.73004
0.5	17.78	6.73281
0.5	17.815	6.73556
0.5	17.85	6.73829
0.5	17.885	6.741
0.5	17.92	6.7437
0.5	17.955	6.74637
0.5	17.99	6.74903
0.5	18.025	6.75167
0.5	18.06	6.75429
0.5	18.095	6.7569
0.5	18.13	6.75948
0.5	18.165	6.76205
0.5	18.2	6.76461
0.5	18.235	6.76714
0.5	18.27	6.76966
0.5	18.305	6.77216
0.5	18.34	6.77464
0.5	18.375	6.77711
0.5	18.41	6.77956
0.5	18.445	6.782
0.5	18.48	6.78442
0.5	18.515	6.78682
0.5	18.55	6.78921
0.5	18.585	6.79158
0.5	18.62	6.79393
0.5	18.655	6.79627
0.5	18.69	6.7986
0.5	18.725	6.80091
0.5	18.76	6.8032
0.5	18.795	6.80548
0.5	18.83	6.80774
0.5	18.865	6.80999
0.5	18.9	6.81223
0.5	18.935	6.81445
0.5	18.97	6.81665
0.5	19.005	6.81884
0.5	19.04	6.82102
0.5	19.075	6.82318
0.5	19.11	6.82533
0.5	19.145	6.82746
0.5	19.18	6.82958
0.5	19.215	6.83169
0.5	19.25	6.83379
0.5	19.285	6.83587
0.5	19.32	6.83793
0.5	19.355	6.83999
0.5	19.39	6.84203
0.5	19.425	6.84405
0.5	19.46	6.84607
0.5	19.495	6.84807
0.5	19.53	6.85006
0.5	19.565	6.85203
0.5	19.6	6.854
0.5	19.635	6.85595
0.5	19.67	6.85789
0.5	19.705	6.85981
0.5	19.74	6.86173
0.5	19.775	6.86363
0.5	19.81	6.86552
0.5	19.845	6.8674
0.5	19.88	6.86927
0.5	19.915	6.87112
0.5	19.95	6.87297
0.5	19.985	6.8748
0.5	20.02	6.87662
0.5	20.055	6.87843
0.5	20.09	6.88023
0.5	20.125	6.88201
0.5	20.16	6.88379
0.5	20.195	6.88556
0.5	20.23	6.88731
0.5	20.265	6.88905
0.5	20.3	6.89079
0.5	20.335	6.89251
0.5	20.37	6.89422
0.5	20.405	6.89592
0.5	20.44	6.89761
0.5	20.475	6.89929
0.5	20.51	6.90096
0.5	20.545	6.90262
0.5	20.58	6.90428
0.5	20.615	6.90592
0.5	20.65	6.90755
0.5	20.685	6.90917
0.5	20.72	6.91078
0.5	20.755	6.91238
0.5	20.79	6.91397
0.5	20.825	6.91555
0.5	20.86	6.91713
0.5	20.895	6.91869
0.5	20.93	6.92024
0.5	20.965	6.92179
0.5	21	6.92332
0.5	21.035	6.92485
0.5	21.07	6.92637
0.5	21.105	6.92788
0.5	21.14	6.92938
0.5	21.175	6.93087
0.5	21.21	6.93235
0.5	21.245	6.93383
0.5	21.28	6.93529
0.5	21.315	6.93675
0.5	21.35	6.9382
0.5	21.385	6.93964
0.5	21.42	6.94107
0.5	21.455	6.94249
0.5	21.49	6.94391
0.5	21.525	6.94531
0.5	21.56	6.94671
0.5	21.595	6.9481
0.5	21.63	6.94949
0.5	21.665	6.95086
0.5	21.7	6.95223
0.5	21.735	6.95359
0.5	21.77	6.95494
0.5	21.805	6.95628
0.5	21.84	6.95762
0.5	21.875	6.95895
0.5	21.91	6.96027
0.5	21.945	6.96158
0.5	21.98	6.96289
0.5	22.015	6.96419
0.5	22.05	6.96548
0.5	22.085	6.96677
0.5	22.12	6.96805
0.5	22.155	6.96932
0.5	22.19	6.97058
0.5	22.225	6.97184
0.5	22.26	6.97309
0.5	22.295	6.97433
0.5	22.33	6.97556
0.5	22.365	6.97679
0.5	22.4	6.97802
0.5	22.435	6.97923
0.5	22.47	6.98044
0.5	22.505	6.98164
0.5	22.54	6.98284
0.5	22.575	6.98403
0.5	22.61	6.98521
0.5	22.645	6.98639
0.5	22.68	6.98756
0.5	22.715	6.98872
0.5	22.75	6.98988
0.5	22.785	6.99103
0.5	22.82	6.99218
0.5	22.855	6.99331
0.5	22.89	6.99445
0.5	22.925	6.99557
0.5	22.96	6.9967
0.5	22.995	6.99781
0.5	23.03	6.99892
0.5	23.065	7.00002
0.5	23.1	7.00112
0.5	23.135	7.00221
0.5	23.17	7.0033
0.5	23.205	7.00438
0.5	23.24	7.00545
0.5	23.275	7.00652
0.5	23.31	7.00759
0.5	23.345	7.00864
0.5	23.38	7.0097
0.5	23.415	7.01074
0.5	23.45	7.01178
0.5	23.485	7.01282
0.5	23.52	7.01385
0.5	23.555	7.01488
0.5	23.59	7.0159
0.5	23.625	7.01691
0.5	23.66	7.01792
0.5	23.695	7.01893
0.5	23.73	7.01992
0.5	23.765	7.02092
0.5	23.8	7.02191
0.5	23.835	7.02289
0.5	23.87	7.02387
0.5	23.905	7.02485
0.5	23.94	7.02582
0.5	23.975	7.02678
0.5	24.01	7.02774
0.5	24.045	7.0287
0.5	24.08	7.02965
0.5	24.115	7.03059
0.5	24.15	7.03153
0.5	24.185	7.03247
0.5	24.22	7.0334
0.5	24.255	7.03433
0.5	24.29	7.03525
0.5	24.325	7.03617
0.5	24.36	7.03708
0.5	24.395	7.03799
0.5	24.43	7.03889
0.5	24.465	7.03979
0.5	24.5	7.04069
0.5	24.535	7.04158
0.5	24.57	7.04246
0.5	24.605	7.04335
0.5	24.64	7.04423
0.5	24.675	7.0451
0.5	24.71	7.04597
0.5	24.745	7.04683
0.5	24.78	7.0477
0.5	24.815	7.04855
0.5	24.85	7.04941
0.5	24.885	7.05025
0.5	24.92	7.0511
0.5	24.955	7.05194
0.5	24.99	7.05278
0.5	25.025	7.05361
0.5	25.06	7.05444
0.5	25.095	7.05526
0.5	25.13	7.05608
0.5	25.165	7.0569
0.5	25.2	7.05772
0.5	25.235	7.05852
0.5	25.27	7.05933
0.5	25.305	7.06013
0.5	25.34	7.06093
0.5	25.375	7.06172
0.5	25.41	7.06252
0.5	25.445	7.0633
0.5	25.48	7.06409
0.5	25.515	7.06487
0.5	25.55	7.06564
0.5	25.585	7.06642
0.5	25.62	7.06718
0.5	25.655	7.06795
0.5	25.69	7.06871
0.5	25.725	7.06947
0.5	25.76	7.07023
0.5	25.795	7.07098
0.5	25.83	7.07173
0.5	25.865	7.07247
0.5	25.9	7.07321
0.5	25.935	7.07395
0.5	25.97	7.07469
0.5	26.005	7.07542
0.5	26.04	7.07614
0.5	26.075	7.07687
0.5	26.11	7.07759
0.5	26.145	7.07831
0.5	26.18	7.07902
0.5	26.215	7.07974
0.5	26.25	7.08045
0.5	26.285	7.08115
0.5	26.32	7.08185
0.5	26.355	7.08255
0.5	26.39	7.08325
0.5	26.425	7.08394
0.5	26.46	7.08463
0.5	26.495	7.08532
0.5	26.53	7.08601
0.5	26.565	7.08669
0.5	26.6	7.08736
0.5	26.635	7.08804
0.5	26.67	7.08871
0.5	26.705	7.08938
0.5	26.74	7.09005
0.5	26.775	7.09071
0.5	26.81	7.09137
0.5	26.845	7.09203
0.5	26.88	7.09269
0.5	26.915	7.09334
0.5	26.95	7.09399
0.5	26.985	7.09463
0.5	27.02	7.09528
0.5	27.055	7.09592
0.5	27.09	7.09656
0.5	27.125	7.09719
0.5	27.16	7.09783
0.5	27.195	7.09846
0.5	27.23	7.09908
0.5	27.265	7.09971
0.5	27.3	7.10033
0.5	27.335	7.10095
0.5	27.37	7.10157
0.5	27.405	7.10218
0.5	27.44	7.1028
0.5	27.475	7.1034
0.5	27.51	7.10401
0.5	27.545	7.10462
0.5	27.58	7.10522
0.5	27.615	7.10582
0.5	27.65	7.10641
0.5	27.685	7.10701
0.5	27.72	7.1076
0.5	27.755	7.10819
0.5	27.79	7.10878
0.5	27.825	7.10936
0.5	27.86	7.10994
0.5	27.895	7.11052
0.5	27.93	7.1111
0.5	27.965	7.11168
0.5	28	7.11225
0.5	28.035	7.11282
0.5	28.07	7.11339
0.5	28.105	7.11395
0.5	28.14	7.11452
0.5	28.175	7.11508
0.5	28.21	7.11564
0.5	28.245	7.1162
0.5	28.28	7.11675
0.5	28.315	7.1173
0.5	28.35	7.11785
0.5	28.385	7.1184
0.5	28.42	7.11895
0.5	28.455	7.11949
0.5	28.49	7.12003
0.5	28.525	7.12057
0.5	28.56	7.12111
0.5	28.595	7.12164
0.5	28.63	7.12218
0.5	28.665	7.12271
0.5	28.7	7.12324
0.5	28.735	7.12376
0.5	28.77	7.12429
0.5	28.805	7.12481
0.5	28.84	7.12533
0.5	28.875	7.12585
0.5	28.91	7.12637
0.5	28.945	7.12688
0.5	28.98	7.12739
0.5	29.015	7.1279
0.5	29.05	7.12841
0.5	29.085	7.12892
0.5	29.12	7.12942
0.5	29.155	7.12992
0.5	29.19	7.13043
0.5	29.225	7.13092
0.5	29.26	7.13142
0.5	29.295	7.13192
0.5	29.33	7.13241
0.5	29.365	7.1329
0.5	29.4	7.13339
0.5	29.435	7.13388
0.5	29.47	7.13436
0.5	29.505	7.13485
0.5	29.54	7.13533
0.5	29.575	7.13581
0.5	29.61	7.13629
0.5	29.645	7.13676
0.5	29.68	7.13724
0.5	29.715	7.13771
0.5	29.75	7.13818
0.5	29.785	7.13865
0.5	29.82	7.13912
0.5	29.855	7.13959
0.5	29.89	7.14005
0.5	29.925	7.14051
0.5	29.96	7.14097
0.5	29.995	7.14143
0.5	30.03	7.14189
0.5	30.065	7.14235
0.5	30.1	7.1428
0.5	30.135	7.14325
0.5	30.17	7.1437
0.5	30.205	7.14415
0.5	30.24	7.1446
0.5	30.275	7.14505
0.5	30.31	7.14549
0.5	30.345	7.14593
0.5	30.38	7.14637
0.5	30.415	7.14681
0.5	30.45	7.14725
0.5	30.485	7.14769
0.5	30.52	7.14812
0.5	30.555	7.14856
0.5	30.59	7.14899
0.5	30.625	7.14942
0.5	30.66	7.14985
0.5	30.695	7.15027
0.5	30.73	7.1507
0.5	30.765	7.15112
0.5	30.8	7.15154
0.5	30.835	7.15196
0.5	30.87	7.15238
0.5	30.905	7.1528
0.5	30.94	7.15322
0.5	30.975	7.15363
0.5	31.01	7.15405
0.5	31.045	7.15446
0.5	31.08	7.15487
0.5	31.115	7.15528
0.5	31.15	7.15569
0.5	31.185	7.15609
0.5	31.22	7.1565
0.5	31.255	7.1569
0.5	31.29	7.1573
0.5	31.325	7.1577
0.5	31.36	7.1581
0.5	31.395	7.1585
0.5	31.43	7.1589
0.5	31.465	7.15929
0.5	31.5	7.15969
0.5	31.535	7.16008
0.5	31.57	7.16047
0.5	31.605	7.16086
0.5	31.64	7.16125
0.5	31.675	7.16163
0.5	31.71	7.16202
0.5	31.745	7.1624
0.5	31.78	7.16279
0.5	31.815	7.16317
0.5	31.85	7.16355
0.5	31.885	7.16393
0.5	31.92	7.16431
0.5	31.955	7.16468
0.5	31.99	7.16506
0.5	32.025	7.16543
0.5	32.06	7.16581
0.5	32.095	7.16618
0.5	32.13	7.16655
0.5	32.165	7.16692
0.5	32.2	7.16728
0.5	32.235	7.16765
0.5	32.27	7.16802
0.5	32.305	7.16838
0.5	32.34	7.16874
0.5	32.375	7.16911
0.5	32.41	7.16947
0.5	32.445	7.16982
0.5	32.48	7.17018
0.5	32.515	7.17054
0.5	32.55	7.1709
0.5	32.585	7.17125
0.5	32.62	7.1716
0.5	32.655	7.17196
0.5	32.69	7.17231
0.5	32.725	7.17266
0.5	32.76	7.17301
0.5	32.795	7.17335
0.5	32.83	7.1737
0.5	32.865	7.17405
0.5	32.9	7.17439
0.5	32.935	7.17473
0.5	32.97	7.17508
0.5	33.005	7.17542
0.5	33.04	7.17576
0.5	33.075	7.1761
0.5	33.11	7.17643
0.5	33.145	7.17677
0.5	33.18	7.17711
0.5	33.215	7.17744
0.5	33.25	7.17777
0.5	33.285	7.17811
0.5	33.32	7.17844
0.5	33.355	7.17877
0.5	33.39	7.1791
0.5	33.425	7.17942
0.5	33.46	7.17975
0.5	33.495	7.18008
0.5	33.53	7.1804
0.5	33.565	7.18073
0.5	33.6	7.18105
0.5	33.635	7.18137
0.5	33.67	7.18169
0.5	33.705	7.18201
0.5	33.74	7.18233
0.5	33.775	7.18265
0.5	33.81	7.18297
0.5	33.845	7.18328
0.5	33.88	7.1836
0.5	33.915	7.18391
0.5	33.95	7.18422
0.5	33.985	7.18454
0.5	34.02	7.18485
0.5	34.055	7.18516
0.5	34.09	7.18547
0.5	34.125	7.18578
0.5	34.16	7.18608
0.5	34.195	7.18639
0.5	34.23	7.18669
0.5	34.265	7.187
0.5	34.3	7.1873
0.5	34.335	7.1876
0.5	34.37	7.18791
0.5	34.405	7.18821
0.5	34.44	7.18851
0.5	34.475	7.18881
0.5	34.51	7.1891
0.5	34.545	7.1894
0.5	34.58	7.1897
0.5	34.615	7.18999
0.5	34.65	7.19029
0.5	34.685	7.19058
0.5	34.72	7.19087
0.5	34.755	7.19116
0.5	34.79	7.19146
0.5	34.825	7.19175
0.5	34.86	7.19203
0.5	34.895	7.19232
0.5	34.93	7.19261
0.5	34.965	7.1929
0.5	35	7.19318

5	0	0
5	0.035	0.0248339
5	0.07	0.0496601
5	0.105	0.0744783
5	0.14	0.0992882
5	0.175	0.12409
5	0.21	0.148882
5	0.245	0.173666
5	0.28	0.19844
5	0.315	0.223205
5	0.35	0.24796
5	0.385	0.272704
5	0.42	0.297439
5	0.455	0.322163
5	0.49	0.346876
5	0.525	0.371578
5	0.56	0.396268
5	0.595	0.420948
5	0.63	0.445615
5	0.665	0.47027
5	0.7	0.494914
5	0.735	0.519545
5	0.77	0.544163
5	0.805	0.568768
5	0.84	0.593361
5	0.875	0.61794
5	0.91	0.642505
5	0.945	0.667057
5	0.98	0.691596
5	1.015	0.71612
5	1.05	0.740629
5	1.085	0.765125
5	1.12	0.789606
5	1.155	0.814071
5	1.19	0.838522
5	1.225	0.862958
5	1.26	0.887378
5	1.295	0.911783
5	1.33	0.936172
5	1.365	0.960545
5	1.4	0.984901
5	1.435	1.00924
5	1.47	1.03357
5	1.505	1.05787
5	1.54	1.08216
5	1.575	1.10644
5	1.61	1.13069
5	1.645	1.15493
5	1.68	1.17915
5	1.715	1.20336
5	1.75	1.22754
5	1.785	1.25171
5	1.82	1.27586
5	1.855	1.29999
5	1.89	1.3241
5	1.925	1.3482
5	1.96	1.37227
5	1.995	1.39633
5	2.03	1.42036
5	2.065	1.44438
5	2.1	1.46838
5	2.135	1.49235
5	2.17	1.51631
5	2.205	1.54025
5	2.24	1.56416
5	2.275	1.58806
5	2.31	1.61194
5	2.345	1.63579
5	2.38	1.65963
5	2.415	1.68344
5	2.45	1.70723
5	2.485	1.731
5	2.52	1.75475
5	2.555	1.77848
5	2.59	1.80218
5	2.625	1.82586
5	2.66	1.84952
5	2.695	1.87316
5	2.73	1.89678
5	2.765	1.92037
5	2.8	1.94394
5	2.835	1.96748
5	2.87	1.99101
5	2.905	2.0145
5	2.94	2.03798
5	2.975	2.06143
5	3.01	2.08486
5	3.045	2.10826
5	3.08	2.13164
5	3.115	2.15499
5	3.15	2.17832
5	3.185	2.20162
5	3.22	2.2249
5	3.255	2.24815
5	3.29	2.27138
5	3.325	2.29458
5	3.36	2.31776
5	3.395	2.3409
5	3.43	2.36403
5	3.465	2.38712
5	3.5	2.41019
5	3.535	2.43323
5	3.57	2.45625
5	3.605	2.47923
5	3.64	2.50219
5	3.675	2.52512
5	3.71	2.54802
5	3.745	2.5709
5	3.78	2.59374
5	3.815	2.61656
5	3.85	2.63935
5	3.885	2.66211
5	3.92	2.68484
5	3.955	2.70753
5	3.99	2.7302
5	4.025	2.75284
5	4.06	2.77545
5	4.095	2.79803
5	4.13	2.82058
5	4.165	2.84309
5	4.2	2.86557
5	4.235	2.88803
5	4.27	2.91045
5	4.305	2.93284
5	4.34	2.95519
5	4.375	2.97751
5	4.41	2.9998
5	4.445	3.02206
5	4.48	3.04428
5	4.515	3.06647
5	4.55	3.08862
5	4.585	3.11074
5	4.62	3.13283
5	4.655	3.15488
5	4.69	3.17689
5	4.725	3.19887
5	4.76	3.22082
5	4.795	3.24272
5	4.83	3.26459
5	4.865	3.28643
5	4.9	3.30822
5	4.935	3.32998
5	4.97	3.3517
5	5.005	3.37338
5	5.04	3.39503
5	5.075	3.41663
5	5.11	3.4382
5	5.145	3.45972
5	5.18	3.48121
5	5.215	3.50265
5	5.25	3.52406
5	5.285	3.54542
5	5.32	3.56674
5	5.355	3.58802
5	5.39	3.60926
5	5.425	3.63046
5	5.46	3.65161
5	5.495	3.67272
5	5.53	3.69378
5	5.565	3.7148
5	5.6	3.73578
5	5.635	3.75671
5	5.67	3.7776
5	5.705	3.79844
5	5.74	3.81923
5	5.775	3.83997
5	5.81	3.86067
5	5.845	3.88132
5	5.88	3.90193
5	5.915	3.92248
5	5.95	3.94299
5	5.985	3.96344
5	6.02	3.98385
5	6.055	4.0042
5	6.09	4.02451
5	6.125	4.04476
5	6.16	4.06496
5	6.195	4.08511
5	6.23	4.1052
5	6.265	4.12524
5	6.3	4.14523
5	6.335	4.16516
5	6.37	4.18504
5	6.405	4.20486
5	6.44	4.22462
5	6.475	4.24433
5	6.51	4.26398
5	6.545	4.28357
5	6.58	4.30311
5	6.615	4.32258
5	6.65	4.342
5	6.685	4.36135
5	6.72	4.38064
5	6.755	4.39988
5	6.79	4.41905
5	6.825	4.43815
5	6.86	4.4572
5	6.895	4.47618
5	6.93	4.49509
5	6.965	4.51394
5	7	4.53273
5	7.035	4.55145
5	7.07	4.5701
5	7.105	4.58868
5	7.14	4.6072
5	7.175	4.62564
5	7.21	4.64402
5	7.245	4.66233
5	7.28	4.68056
5	7.315	4.69873
5	7.35	4.71682
5	7.385	4.73483
5	7.42	4.75278
5	7.455	4.77065
5	7.49	4.78845
5	7.525	4.80616
5	7.56	4.82381
5	7.595	4.84137
5	7.63	4.85886
5	7.665	4.87627
5	7.7	4.89361
5	7.735	4.91086
5	7.77	4.92803
5	7.805	4.94512
5	7.84	4.96213
5	7.875	4.97905
5	7.91	4.9959
5	7.945	5.01266
5	7.98	5.02933
5	8.015	5.04592
5	8.05	5.06242
5	8.085	5.07884
5	8.12	5.09517
5	8.155	5.11142
5	8.19	5.12757
5	8.225	5.14364
5	8.26	5.15962
5	8.295	5.1755
5	8.33	5.1913
5	8.365	5.207
5	8.4	5.22262
5	8.435	5.23814
5	8.47	5.25356
5	8.505	5.2689
5	8.54	5.28414
5	8.575	5.29928
5	8.61	5.31433
5	8.645	5.32929
5	8.68	5.34414
5	8.715	5.35891
5	8.75	5.37357
5	8.785	5.38814
5	8.82	5.4026
5	8.855	5.41697
5	8.89	5.43125
5	8.925	5.44542
5	8.96	5.45949
5	8.995	5.47346
5	9.03	5.48733
5	9.065	5.50111
5	9.1	5.51478
5	9.135	5.52834
5	9.17	5.54181
5	9.205	5.55518
5	9.24	5.56844
5	9.275	5.5816
5	9.31	5.59466
5	9.345	5.60762
5	9.38	5.62047
5	9.415	5.63322
5	9.45	5.64587
5	9.485	5.65841
5	9.52	5.67086
5	9.555	5.68319
5	9.59	5.69543
5	9.625	5.70756
5	9.66	5.71959
5	9.695	5.73151
5	9.73	5.74334
5	9.765	5.75505
5	9.8	5.76667
5	9.835	5.77818
5	9.87	5.78959
5	9.905	5.8009
5	9.94	5.81211
5	9.975	5.82321
5	10.01	5.83421
5	10.045	5.84511
5	10.08	5.85591
5	10.115	5.86661
5	10.15	5.87721
5	10.185	5.8877
5	10.22	5.8981
5	10.255	5.9084
5	10.29	5.91859
5	10.325	5.92869
5	10.36	5.93869
5	10.395	5.9486
5	10.43	5.9584
5	10.465	5.96811
5	10.5	5.97772
5	10.535	5.98723
5	10.57	5.99665
5	10.605	6.00598
5	10.64	6.01521
5	10.675	6.02434
5	10.71	6.03339
5	10.745	6.04234
5	10.78	6.05119
5	10.815	6.05996
5	10.85	6.06864
5	10.885	6.07722
5	10.92	6.08572
5	10.955	6.09412
5	10.99	6.10244
5	11.025	6.11067
5	11.06	6.11882
5	11.095	6.12688
5	11.13	6.13485
5	11.165	6.14274
5	11.2	6.15054
5	11.235	6.15826
5	11.27	6.1659
5	11.305	6.17345
5	11.34	6.18093
5	11.375	6.18832
5	11.41	6.19564
5	11.445	6.20288
5	11.48	6.21003
5	11.515	6.21711
5	11.55	6.22412
5	11.585	6.23105
5	11.62	6.2379
5	11.655	6.24468
5	11.69	6.25138
5	11.725	6.25802
5	11.76	6.26458
5	11.795	6.27107
5	11.83	6.27748
5	11.865	6.28383
5	11.9	6.29011
5	11.935	6.29632
5	11.97	6.30247
5	12.005	6.30854
5	12.04	6.31456
5	12.075	6.3205
5	12.11	6.32638
5	12.145	6.3322
5	12.18	6.33795
5	12.215	6.34365
5	12.25	6.34928
5	12.285	6.35485
5	12.32	6.36035
5	12.355	6.3658
5	12.39	6.37119
5	12.425	6.37653
5	12.46	6.3818
5	12.495	6.38702
5	12.53	6.39218
5	12.565	6.39729
5	12.6	6.40234
5	12.635	6.40734
5	12.67	6.41229
5	12.705	6.41718
5	12.74	6.42202
5	12.775	6.42681
5	12.81	6.43155
5	12.845	6.43623
5	12.88	6.44087
5	12.915	6.44546
5	12.95	6.45
5	12.985	6.4545
5	13.02	6.45894
5	13.055	6.46334
5	13.09	6.4677
5	13.125	6.472
5	13.16	6.47627
5	13.195	6.48049
5	13.23	6.48466
5	13.265	6.4888
5	13.3	6.49289
5	13.335	6.49694
5	13.37	6.50094
5	13.405	6.50491
5	13.44	6.50883
5	13.475	6.51272
5	13.51	6.51657
5	13.545	6.52037
5	13.58	6.52414
5	13.615	6.52787
5	13.65	6.53157
5	13.685	6.53522
5	13.72	6.53885
5	13.755	6.54243
5	13.79	6.54598
5	13.825	6.54949
5	13.86	6.55297
5	13.895	6.55642
5	13.93	6.55983
5	13.965	6.5632
5	14	6.56655
5	14.035	6.56986
5	14.07	6.57314
5	14.105	6.57639
5	14.14	6.57961
5	14.175	6.5828
5	14.21	6.58595
5	14.245	6.58908
5	14.28	6.59217
5	14.315	6.59524
5	14.35	6.59828
5	14.385	6.60129
5	14.42	6.60427
5	14.455	6.60722
5	14.49	6.61015
5	14.525	6.61305
5	14.56	6.61592
5	14.595	6.61876
5	14.63	6.62158
5	14.665	6.62438
5	14.7	6.62714
5	14.735	6.62989
5	14.77	6.6326
5	14.805	6.6353
5	14.84	6.63797
5	14.875	6.64061
5	14.91	6.64323
5	14.945	6.64583
5	14.98	6.6484
5	15.015	6.65095
5	15.05	6.65348
5	15.085	6.65599
5	15.12	6.65848
5	15.155	6.66094
5	15.19	6.66338
5	15.225	6.6658
5	15.26	6.6682
5	15.295	6.67058
5	15.33	6.67294
5	15.365	6.67528
5	15.4	6.67759
5	15.435	6.67989
5	15.47	6.68217
5	15.505	6.68443
5	15.54	6.68667
5	15.575	6.68889
5	15.61	6.6911
5	15.645	6.69328
5	15.68	6.69545
5	15.715	6.6976
5	15.75	6.69973
5	15.785	6.70184
5	15.82	6.70394
5	15.855	6.70602
5	15.89	6.70808
5	15.925	6.71013
5	15.96	6.71216
5	15.995	6.71417
5	16.03	6.71617
5	16.065	6.71815
5	16.1	6.72011
5	16.135	6.72206
5	16.17	6.724
5	16.205	6.72592
5	16.24	6.72782
5	16.275	6.72971
5	16.31	6.73158
5	16.345	6.73344
5	16.38	6.73529
5	16.415	6.73712
5	16.45	6.73894
5	16.485	6.74074
5	16.52	6.74253
5	16.555	6.7443
5	16.59	6.74607
5	16.625	6.74782
5	16.66	6.74955
5	16.695	6.75127
5	16.73	6.75298
5	16.765	6.75468
5	16.8	6.75637
5	16.835	6.75804
5	16.87	6.7597
5	16.905	6.76135
5	16.94	6.76298
5	16.975	6.76461
5	17.01	6.76622
5	17.045	6.76782
5	17.08	6.76941
5	17.115	6.77098
5	17.15	6.77255
5	17.185	6.77411
5	17.22	6.77565
5	17.255	6.77718
5	17.29	6.7787
5	17.325	6.78022
5	17.36	6.78172
5	17.395	6.78321
5	17.43	6.78469
5	17.465	6.78616
5	17.5	6.78761
5	17.535	6.78906
5	17.57	6.7905
5	17.605	6.79193
5	17.64	6.79335
5	17.675	6.79476
5	17.71	6.79616
5	17.745	6.79755
5	17.78	6.79894
5	17.815	6.80031
5	17.85	6.80167
5	17.885	6.80303
5	17.92	6.80437
5	17.955	6.80571
5	17.99	6.80703
5	18.025	6.80835
5	18.06	6.80966
5	18.095	6.81096
5	18.13	6.81226
5	18.165	6.81354
5	18.2	6.81482
5	18.235	6.81609
5	18.27	6.81735
5	18.305	6.8186
5	18.34	6.81984
5	18.375	6.82108
5	18.41	6.82231
5	18.445	6.82353
5	18.48	6.82474
5	18.515	6.82594
5	18.55	6.82714
5	18.585	6.82833
5	18.62	6.82951
5	18.655	6.83069
5	18.69	6.83186
5	18.725	6.83302
5	18.76	6.83417
5	18.795	6.83532
5	18.83	6.83646
5	18.865	6.83759
5	18.9	6.83872
5	18.935	6.83984
5	18.97	6.84095
5	19.005	6.84205
5	19.04	6.84315
5	19.075	6.84425
5	19.11	6.84533
5	19.145	6.84641
5	19.18	6.84749
5	19.215	6.84855
5	19.25	6.84961
5	19.285	6.85067
5	19.32	6.85172
5	19.355	6.85276
5	19.39	6.85379
5	19.425	6.85482
5	19.46	6.85585
5	19.495	6.85687
5	19.53	6.85788
5	19.565	6.85889
5	19.6	6.85989
5	19.635	6.86088
5	19.67	6.86187
5	19.705	6.86286
5	19.74	6.86384
5	19.775	6.86481
5	19.81	6.86578
5	19.845	6.86674
5	19.88	6.8677
5	19.915	6.86865
5	19.95	6.86959
5	19.985	6.87054
5	20.02	6.87147
5	20.055	6.8724
5	20.09	6.87333
5	20.125	6.87425
5	20.16	6.87517
5	20.195	6.87608
5	20.23	6.87698
5	20.265	6.87789
5	20.3	6.87878
5	20.335	6.87967
5	20.37	6.88056
5	20.405	6.88144
5	20.44	6.88232
5	20.475	6.88319
5	20.51	6.88406
5	20.545	6.88493
5	20.58	6.88579
5	20.615	6.88664
5	20.65	6.88749
5	20.685	6.88834
5	20.72	6.88918
5	20.755	6.89002
5	20.79	6.89085
5	20.825	6.89168
5	20.86	6.8925
5	20.895	6.89332
5	20.93	6.89414
5	20.965	6.89495
5	21	6.89576
5	21.035	6.89656
5	21.07	6.89736
5	21.105	6.89816
5	21.14	6.89895
5	21.175	6.89974
5	21.21	6.90052
5	21.245	6.9013
5	21.28	6.90208
5	21.315	6.90285
5	21.35	6.90362
5	21.385	6.90439
5	21.42	6.90515
5	21.455	6.90591
5	21.49	6.90666
5	21.525	6.90741
5	21.56	6.90816
5	21.595	6.9089
5	21.63	6.90964
5	21.665	6.91038
5	21.7	6.91111
5	21.735	6.91184
5	21.77	6.91257
5	21.805	6.91329
5	21.84	6.91401
5	21.875	6.91472
5	21.91	6.91543
5	21.945	6.91614
5	21.98	6.91685
5	22.015	6.91755
5	22.05	6.91825
5	22.085	6.91895
5	22.12	6.91964
5	22.155	6.92033
5	22.19	6.92101
5	22.225	6.9217
5	22.26	6.92238
5	22.295	6.92305
5	22.33	6.92373
5	22.365	6.9244
5	22.4	6.92507
5	22.435	6.92573
5	22.47	6.92639
5	22.505	6.92705
5	22.54	6.92771
5	22.575	6.92836
5	22.61	6.92901
5	22.645	6.92966
5	22.68	6.9303
5	22.715	6.93095
5	22.75	6.93159
5	22.785	6.93222
5	22.82	6.93285
5	22.855	6.93349
5	22.89	6.93411
5	22.925	6.93474
5	22.96	6.93536
5	22.995	6.93598
5	23.03	6.9366
5	23.065	6.93721
5	23.1	6.93782
5	23.135	6.93843
5	23.17	6.93904
5	23.205	6.93964
5	23.24	6.94025
5	23.275	6.94084
5	23.31	6.94144
5	23.345	6.94203
5	23.38	6.94263
5	23.415	6.94322
5	23.45	6.9438
5	23.485	6.94439
5	23.52	6.94497
5	23.555	6.94555
5	23.59	6.94612
5	23.625	6.9467
5	23.66	6.94727
5	23.695	6.94784
5	23.73	6.94841
5	23.765	6.94897
5	23.8	6.94954
5	23.835	6.9501
5	23.87	6.95066
5	23.905	6.95121
5	23.94	6.95177
5	23.975	6.95232
5	24.01	6.95287
5	24.045	6.95342
5	24.08	6.95396
5	24.115	6.9545
5	24.15	6.95504
5	24.185	6.95558
5	24.22	6.95612
5	24.255	6.95665
5	24.29	6.95719
5	24.325	6.95772
5	24.36	6.95825
5	24.395	6.95877
5	24.43	6.9593
5	24.465	6.95982
5	24.5	6.96034
5	24.535	6.96086
5	24.57	6.96137
5	24.605	6.96189
5	24.64	6.9624
5	24.675	6.96291
5	24.71	6.96342
5	24.745	6.96392
5	24.78	6.96443
5	24.815	6.96493
5	24.85	6.96543
5	24.885	6.96593
5	24.92	6.96643
5	24.955	6.96692
5	24.99	6.96742
5	25.025	6.96791
5	25.06	6.9684
5	25.095	6.96889
5	25.13	6.96937
5	25.165	6.96986
5	25.2	6.97034
5	25.235	6.97082
5	25.27	6.9713
5	25.305	6.97178
5	25.34	6.97225
5	25.375	6.97273
5	25.41	6.9732
5	25.445	6.97367
5	25.48	6.97414
5	25.515	6.9746
5	25.55	6.97507
5	25.585	6.97553
5	25.62	6.97599
5	25.655	6.97645
5	25.69	6.97691
5	25.725	6.97737
5	25.76	6.97783
5	25.795	6.97828
5	25.83	6.97873
5	25.865	6.97918
5	25.9	6.97963
5	25.935	6.98008
5	25.97	6.98052
5	26.005	6.98097
5	26.04	6.98141
5	26.075	6.98185
5	26.11	6.98229
5	26.145	6.98273
5	26.18	6.98317
5	26.215	6.9836
5	26.25	6.98404
5	26.285	6.98447
5	26.32	6.9849
5	26.355	6.98533
5	26.39	6.98576
5	26.425	6.98618
5	26.46	6.98661
5	26.495	6.98703
5	26.53	6.98745
5	26.565	6.98788
5	26.6	6.98829
5	26.635	6.98871
5	26.67	6.98913
5	26.705	6.98954
5	26.74	6.98996
5	26.775	6.99037
5	26.81	6.99078
5	26.845	6.99119
5	26.88	6.9916
5	26.915	6.99201
5	26.95	6.99241
5	26.985	6.99282
5	27.02	6.99322
5	27.055	6.99362
5	27.09	6.99402
5	27.125	6.99442
5	27.16	6.99482
5	27.195	6.99522
5	27.23	6.99561
5	27.265	6.996
5	27.3	6.9964
5	27.335	6.99679
5	27.37	6.99718
5	27.405	6.99757
5	27.44	6.99796
5	27.475	6.99834
5	27.51	6.99873
5	27.545	6.99911
5	27.58	6.99949
5	27.615	6.99988
5	27.65	7.00026
5	27.685	7.00064
5	27.72	7.00101
5	27.755	7.00139
5	27.79	7.00177
5	27.825	7.00214
5	27.86	7.00251
5	27.895	7.00289
5	27.93	7.00326
5	27.965	7.00363
5	28	7.004
5	28.035	7.00436
5	28.07	7.00473
5	28.105	7.0051
5	28.14	7.00546
5	28.175	7.00582
5	28.21	7.00619
5	28.245	7.00655
5	28.28	7.00691
5	28.315	7.00727
5	28.35	7.00762
5	28.385	7.00798
5	28.42	7.00834
5	28.455	7.00869
5	28.49	7.00904
5	28.525	7.0094
5	28.56	7.00975
5	28.595	7.0101
5	28.63	7.01045
5	28.665	7.0108
5	28.7	7.01114
5	28.735	7.01149
5	28.77	7.01183
5	28.805	7.01218
5	28.84	7.01252
5	28.875	7.01286
5	28.91	7.0132
5	28.945	7.01355
5	28.98	7.01388
5	29.015	7.01422
5	29.05	7.01456
5	29.085	7.0149
5	29.12	7.01523
5	29.155	7.01557
5	29.19	7.0159
5	29.225	7.01623
5	29.26	7.01656
5	29.295	7.01689
5	29.33	7.01722
5	29.365	7.01755
5	29.4	7.01788
5	29.435	7.01821
5	29.47	7.01853
5	29.505	7.01886
5	29.54	7.01918
5	29.575	7.0195
5	29.61	7.01983
5	29.645	7.02015
5	29.68	7.02047
5	29.715	7.02079
5	29.75	7.02111
5	29.785	7.02142
5	29.82	7.02174
5	29.855	7.02206
5	29.89	7.02237
5	29.925	7.02269
5	29.96	7.023
5	29.995	7.02331
5	30.03	7.02363
5	30.065	7.02394
5	30.1	7.02425
5	30.135	7.02456
5	30.17	7.02486
5	30.205	7.02517
5	30.24	7.02548
5	30.275	7.02578
5	30.31	7.02609
5	30.345	7.02639
5	30.38	7.0267
5	30.415	7.027
5	30.45	7.0273
5	30.485	7.0276
5	30.52	7.0279
5	30.555	7.0282
5	30.59	7.0285
5	30.625	7.0288
5	30.66	7.02909
5	30.695	7.02939
5	30.73	7.02969
5	30.765	7.02998
5	30.8	7.03027
5	30.835	7.03057
5	30.87	7.03086
5	30.905	7.03115
5	30.94	7.03144
5	30.975	7.03173
5	31.01	7.03202
5	31.045	7.03231
5	31.08	7.0326
5	31.115	7.03289
5	31.15	7.03317
5	31.185	7.03346
5	31.22	7.03374
5	31.255	7.03403
5	31.29	7.03431
5	31.325	7.03459
5	31.36	7.03487
5	31.395	7.03516
5	31.43	7.03544
5	31.465	7.03572
5	31.5	7.036
5	31.535	7.03627
5	31.57	7.03655
5	31.605	7.03683
5	31.64	7.0371
5	31.675	7.03738
5	31.71	7.03766
5	31.745	7.03793
5	31.78	7.0382
5	31.815	7.03848
5	31.85	7.03875
5	31.885	7.03902
5	31.92	7.03929
5	31.955	7.03956
5	31.99	7.03983
5	32.025	7.0401
5	32.06	7.04037
5	32.095	7.04063
5	32.13	7.0409
5	32.165	7.04117
5	32.2	7.04143
5	32.235	7.0417
5	32.27	7.04196
5	32.305	7.04223
5	32.34	7.04249
5	32.375	7.04275
5	32.41	7.04301
5	32.445	7.04327
5	32.48	7.04354
5	32.515	7.0438
5	32.55	7.04405
5	32.585	7.04431
5	32.62	7.04457
5	32.655	7.04483
5	32.69	7.04509
5	32.725	7.04534
5	32.76	7.0456
5	32.795	7.04585
5	32.83	7.04611
5	32.865	7.04636
5	32.9	7.04661
5	32.935	7.04687
5	32.97	7.04712
5	33.005	7.04737
5	33.04	7.04762
5	33.075	7.04787
5	33.11	7.04812
5	33.145	7.04837
5	33.18	7.04862
5	33.215	7.04887
5	33.25	7.04911
5	33.285	7.04936
5	33.32	7.04961
5	33.355	7.04985
5	33.39	7.0501
5	33.425	7.05034
5	33.46	7.05058
5	33.495	7.05083
5	33.53	7.05107
5	33.565	7.05131
5	33.6	7.05155
5	33.635	7.0518
5	33.67	7.05204
5	33.705	7.05228
5	33.74	7.05252
5	33.775	7.05275
5	33.81	7.05299
5	33.845	7.05323
5	33.88	7.05347
5	33.915	7.05371
5	33.95	7.05394
5	33.985	7.05418
5	34.02	7.05441
5	34.055	7.05465
5	34.09	7.05488
5	34.125	7.05512
5	34.16	7.05535
5	34.195	7.05558
5	34.23	7.05581
5	34.265	7.05604
5	34.3	7.05628
5	34.335	7.05651
5	34.37	7.05674
5	34.405	7.05697
5	34.44	7.0572
5	34.475	7.05742
5	34.51	7.05765
5	34.545	7.05788
5	34.58	7.05811
5	34.615	7.05833
5	34.65	7.05856
5	34.685	7.05878
5	34.72	7.05901
5	34.755	7.05923
5	34.79	7.05946
5	34.825	7.05968
5	34.86	7.05991
5	34.895	7.06013
5	34.93	7.06035
5	34.965	7.06057
5	35	7.06079

25	0	0
25	0.035	0.025341
25	0.07	0.0506776
25	0.105	0.0760095
25	0.14	0.101336
25	0.175	0.126658
25	0.21	0.151974
25	0.245	0.177284
25	0.28	0.202588
25	0.315	0.227885
25	0.35	0.253175
25	0.385	0.278458
25	0.42	0.303734
25	0.455	0.329002
25	0.49	0.354262
25	0.525	0.379514
25	0.56	0.404757
25	0.595	0.429992
25	0.63	0.455217
25	0.665	0.480434
25	0.7	0.50564
25	0.735	0.530837
25	0.77	0.556024
25	0.805	0.5812
25	0.84	0.606366
25	0.875	0.631521
25	0.91	0.656666
25	0.945	0.681799
25	0.98	0.70692
25	1.015	0.73203
25	1.05	0.757128
25	1.085	0.782214
25	1.12	0.807287
25	1.155	0.832348
25	1.19	0.857396
25	1.225	0.882432
25	1.26	0.907454
25	1.295	0.932462
25	1.33	0.957457
25	1.365	0.982439
25	1.4	1.00741
25	1.435	1.03236
25	1.47	1.0573
25	1.505	1.08222
25	1.54	1.10713
25	1.575	1.13202
25	1.61	1.1569
25	1.645	1.18177
25	1.68	1.20662
25	1.715	1.23145
25	1.75	1.25626
25	1.785	1.28106
25	1.82	1.30585
25	1.855	1.33062
25	1.89	1.35537
25	1.925	1.3801
25	1.96	1.40482
25	1.995	1.42952
25	2.03	1.4542
25	2.065	1.47886
25	2.1	1.50351
25	2.135	1.52814
25	2.17	1.55275
25	2.205	1.57734
25	2.24	1.60192
25	2.275	1.62647
25	2.31	1.65101
25	2.345	1.67552
25	2.38	1.70002
25	2.415	1.7245
25	2.45	1.74896
25	2.485	1.7734
25	2.52	1.79782
25	2.555	1.82222
25	2.59	1.84659
25	2.625	1.87095
25	2.66	1.89529
25	2.695	1.91961
25	2.73	1.9439
25	2.765	1.96817
25	2.8	1.99243
25	2.835	2.01666
25	2.87	2.04087
25	2.905	2.06505
25	2.94	2.08922
25	2.975	2.11336
25	3.01	2.13748
25	3.045	2.16158
25	3.08	2.18565
25	3.115	2.2097
25	3.15	2.23373
25	3.185	2.25773
25	3.22	2.28171
25	3.255	2.30566
25	3.29	2.32959
25	3.325	2.3535
25	3.36	2.37738
25	3.395	2.40124
25	3.43	2.42507
25	3.465	2.44887
25	3.5	2.47266
25	3.535	2.49641
25	3.57	2.52014
25	3.605	2.54384
25	3.64	2.56752
25	3.675	2.59117
25	3.71	2.61479
25	3.745	2.63838
25	3.78	2.66195
25	3.815	2.68549
25	3.85	2.709
25	3.885	2.73248
25	3.92	2.75594
25	3.955	2.77937
25	3.99	2.80276
25	4.025	2.82613
25	4.06	2.84947
25	4.095	2.87278
25	4.13	2.89606
25	4.165	2.9193
25	4.2	2.94252
25	4.235	2.96571
25	4.27	2.98886
25	4.305	3.01199
25	4.34	3.03508
25	4.375	3.05814
25	4.41	3.08117
25	4.445	3.10416
25	4.48	3.12712
25	4.515	3.15005
25	4.55	3.17295
25	4.585	3.19581
25	4.62	3.21863
25	4.655	3.24143
25	4.69	3.26418
25	4.725	3.2869
25	4.76	3.30959
25	4.795	3.33224
25	4.83	3.35485
25	4.865	3.37743
25	4.9	3.39996
25	4.935	3.42247
25	4.97	3.44493
25	5.005	3.46735
25	5.04	3.48974
25	5.075	3.51208
25	5.11	3.53439
25	5.145	3.55666
25	5.18	3.57888
25	5.215	3.60107
25	5.25	3.62321
25	5.285	3.64531
25	5.32	3.66737
25	5.355	3.68939
25	5.39	3.71136
25	5.425	3.73329
25	5.46	3.75518
25	5.495	3.77702
25	5.53	3.79881
25	5.565	3.82056
25	5.6	3.84227
25	5.635	3.86392
25	5.67	3.88553
25	5.705	3.9071
25	5.74	3.92861
25	5.775	3.95007
25	5.81	3.97149
25	5.845	3.99285
25	5.88	4.01417
25	5.915	4.03543
25	5.95	4.05664
25	5.985	4.0778
25	6.02	4.0989
25	6.055	4.11995
25	6.09	4.14095
25	6.125	4.16189
25	6.16	4.18278
25	6.195	4.20361
25	6.23	4.22438
25	6.265	4.24509
25	6.3	4.26575
25	6.335	4.28635
25	6.37	4.30688
25	6.405	4.32736
25	6.44	4.34777
25	6.475	4.36813
25	6.51	4.38842
25	6.545	4.40864
25	6.58	4.42881
25	6.615	4.4489
25	6.65	4.46893
25	6.685	4.4889
25	6.72	4.50879
25	6.755	4.52862
25	6.79	4.54838
25	6.825	4.56807
25	6.86	4.58769
25	6.895	4.60723
25	6.93	4.62671
25	6.965	4.6461
25	7	4.66543
25	7.035	4.68468
25	7.07	4.70385
25	7.105	4.72295
25	7.14	4.74197
25	7.175	4.76091
25	7.21	4.77977
25	7.245	4.79855
25	7.28	4.81724
25	7.315	4.83586
25	7.35	4.85439
25	7.385	4.87284
25	7.42	4.8912
25	7.455	4.90947
25	7.49	4.92766
25	7.525	4.94576
25	7.56	4.96377
25	7.595	4.98168
25	7.63	4.99951
25	7.665	5.01725
25	7.7	5.03489
25	7.735	5.05244
25	7.77	5.06989
25	7.805	5.08725
25	7.84	5.10451
25	7.875	5.12167
25	7.91	5.13873
25	7.945	5.15569
25	7.98	5.17256
25	8.015	5.18932
25	8.05	5.20597
25	8.085	5.22253
25	8.12	5.23898
25	8.155	5.25532
25	8.19	5.27156
25	8.225	5.28769
25	8.26	5.30372
25	8.295	5.31963
25	8.33	5.33544
25	8.365	5.35113
25	8.4	5.36672
25	8.435	5.38219
25	8.47	5.39755
25	8.505	5.41279
25	8.54	5.42793
25	8.575	5.44295
25	8.61	5.45785
25	8.645	5.47263
25	8.68	5.4873
25	8.715	5.50186
25	8.75	5.51629
25	8.785	5.53061
25	8.82	5.54481
25	8.855	5.55889
25	8.89	5.57285
25	8.925	5.58669
25	8.96	5.60041
25	8.995	5.61401
25	9.03	5.62749
25	9.065	5.64085
25	9.1	5.65408
25	9.135	5.6672
25	9.17	5.68019
25	9.205	5.69306
25	9.24	5.70581
25	9.275	5.71844
25	9.31	5.73095
25	9.345	5.74333
25	9.38	5.75559
25	9.415	5.76773
25	9.45	5.77975
25	9.485	5.79164
25	9.52	5.80342
25	9.555	5.81507
25	9.59	5.8266
25	9.625	5.83802
25	9.66	5.84931
25	9.695	5.86048
25	9.73	5.87153
25	9.765	5.88246
25	9.8	5.89328
25	9.835	5.90397
25	9.87	5.91455
25	9.905	5.92501
25	9.94	5.93535
25	9.975	5.94558
25	10.01	5.95569
25	10.045	5.96569
25	10.08	5.97558
25	10.115	5.98535
25	10.15	5.995
25	10.185	6.00455
25	10.22	6.01398
25	10.255	6.02331
25	10.29	6.03252
25	10.325	6.04163
25	10.36	6.05063
25	10.395	6.05952
25	10.43	6.06831
25	10.465	6.07699
25	10.5	6.08556
25	10.535	6.09403
25	10.57	6.10241
25	10.605	6.11067
25	10.64	6.11884
25	10.675	6.12691
25	10.71	6.13488
25	10.745	6.14276
25	10.78	6.15053
25	10.815	6.15822
25	10.85	6.1658
25	10.885	6.1733
25	10.92	6.1807
25	10.955	6.18801
25	10.99	6.19523
25	11.025	6.20236
25	11.06	6.2094
25	11.095	6.21636
25	11.13	6.22323
25	11.165	6.23001
25	11.2	6.23671
25	11.235	6.24333
25	11.27	6.24987
25	11.305	6.25632
25	11.34	6.26269
25	11.375	6.26899
25	11.41	6.27521
25	11.445	6.28135
25	11.48	6.28741
25	11.515	6.2934
25	11.55	6.29932
25	11.585	6.30516
25	11.62	6.31093
25	11.655	6.31663
25	11.69	6.32226
25	11.725	6.32782
25	11.76	6.33332
25	11.795	6.33874
25	11.83	6.3441
25	11.865	6.34939
25	11.9	6.35462
25	11.935	6.35979
25	11.97	6.36489
25	12.005	6.36994
25	12.04	6.37492
25	12.075	6.37984
25	12.11	6.3847
25	12.145	6.3895
25	12.18	6.39425
25	12.215	6.39894
25	12.25	6.40357
25	12.285	6.40815
25	12.32	6.41268
25	12.355	6.41715
25	12.39	6.42157
25	12.425	6.42593
25	12.46	6.43025
25	12.495	6.43451
25	12.53	6.43873
25	12.565	6.4429
25	12.6	6.44701
25	12.635	6.45108
25	12.67	6.45511
25	12.705	6.45909
25	12.74	6.46302
25	12.775	6.46691
25	12.81	6.47075
25	12.845	6.47455
25	12.88	6.47831
25	12.915	6.48202
25	12.95	6.4857
25	12.985	6.48933
25	13.02	6.49292
25	13.055	6.49647
25	13.09	6.49999
25	13.125	6.50346
25	13.16	6.5069
25	13.195	6.5103
25	13.23	6.51366
25	13.265	6.51699
25	13.3	6.52028
25	13.335	6.52353
25	13.37	6.52675
25	13.405	6.52993
25	13.44	6.53309
25	13.475	6.5362
25	13.51	6.53929
25	13.545	6.54234
25	13.58	6.54536
25	13.615	6.54835
25	13.65	6.55131
25	13.685	6.55424
25	13.72	6.55713
25	13.755	6.56
25	13.79	6.56284
25	13.825	6.56565
25	13.86	6.56843
25	13.895	6.57118
25	13.93	6.57391
25	13.965	6.57661
25	14	6.57928
25	14.035	6.58192
25	14.07	6.58454
25	14.105	6.58713
25	14.14	6.5897
25	14.175	6.59224
25	14.21	6.59476
25	14.245	6.59725
25	14.28	6.59972
25	14.315	6.60216
25	14.35	6.60459
25	14.385	6.60698
25	14.42	6.60936
25	14.455	6.61171
25	14.49	6.61404
25	14.525	6.61635
25	14.56	6.61864
25	14.595	6.62091
25	14.63	6.62315
25	14.665	6.62538
25	14.7	6.62758
25	14.735	6.62977
25	14.77	6.63193
25	14.805	6.63408
25	14.84	6.6362
25	14.875	6.63831
25	14.91	6.6404
25	14.945	6.64247
25	14.98	6.64452
25	15.015	6.64655
25	15.05	6.64856
25	15.085	6.65056
25	15.12	6.65254
25	15.155	6.6545
25	15.19	6.65645
25	15.225	6.65838
25	15.26	6.66029
25	15.295	6.66219
25	15.33	6.66407
25	15.365	6.66593
25	15.4	6.66778
25	15.435	6.66961
25	15.47	6.67143
25	15.505	6.67323
25	15.54	6.67502
25	15.575	6.67679
25	15.61	6.67855
25	15.645	6.6803
25	15.68	6.68202
25	15.715	6.68374
25	15.75	6.68544
25	15.785	6.68713
25	15.82	6.68881
25	15.855	6.69047
25	15.89	6.69211
25	15.925	6.69375
25	15.96	6.69537
25	15.995	6.69698
25	16.03	6.69858
25	16.065	6.70016
25	16.1	6.70174
25	16.135	6.7033
25	16.17	6.70484
25	16.205	6.70638
25	16.24	6.70791
25	16.275	6.70942
25	16.31	6.71092
25	16.345	6.71241
25	16.38	6.71389
25	16.415	6.71536
25	16.45	6.71682
25	16.485	6.71826
25	16.52	6.7197
25	16.555	6.72113
25	16.59	6.72254
25	16.625	6.72395
25	16.66	6.72534
25	16.695	6.72673
25	16.73	6.7281
25	16.765	6.72947
25	16.8	6.73082
25	16.835	6.73217
25	16.87	6.7335
25	16.905	6.73483
25	16.94	6.73615
25	16.975	6.73746
25	17.01	6.73876
25	17.045	6.74005
25	17.08	6.74133
25	17.115	6.7426
25	17.15	6.74386
25	17.185	6.74512
25	17.22	6.74637
25	17.255	6.74761
25	17.29	6.74884
25	17.325	6.75006
25	17.36	6.75127
25	17.395	6.75248
25	17.43	6.75368
25	17.465	6.75487
25	17.5	6.75605
25	17.535	6.75722
25	17.57	6.75839
25	17.605	6.75955
25	17.64	6.7607
25	17.675	6.76185
25	17.71	6.76299
25	17.745	6.76412
25	17.78	6.76524
25	17.815	6.76635
25	17.85	6.76746
25	17.885	6.76857
25	17.92	6.76966
25	17.955	6.77075
25	17.99	6.77183
25	18.025	6.77291
25	18.06	6.77397
25	18.095	6.77504
25	18.13	6.77609
25	18.165	6.77714
25	18.2	6.77818
25	18.235	6.77922
25	18.27	6.78025
25	18.305	6.78128
25	18.34	6.78229
25	18.375	6.78331
25	18.41	6.78431
25	18.445	6.78531
25	18.48	6.78631
25	18.515	6.7873
25	18.55	6.78828
25	18.585	6.78926
25	18.62	6.79023
25	18.655	6.79119
25	18.69	6.79215
25	18.725	6.79311
25	18.76	6.79406
25	18.795	6.795
25	18.83	6.79594
25	18.865	6.79688
25	18.9	6.7978
25	18.935	6.79873
25	18.97	6.79965
25	19.005	6.80056
25	19.04	6.80147
25	19.075	6.80237
25	19.11	6.80327
25	19.145	6.80416
25	19.18	6.80505
25	19.215	6.80594
25	19.25	6.80682
25	19.285	6.80769
25	19.32	6.80856
25	19.355	6.80943
25	19.39	6.81029
25	19.425	6.81114
25	19.46	6.812
25	19.495	6.81284
25	19.53	6.81369
25	19.565	6.81452
25	19.6	6.81536
25	19.635	6.81619
25	19.67	6.81702
25	19.705	6.81784
25	19.74	6.81865
25	19.775	6.81947
25	19.81	6.82028
25	19.845	6.82108
25	19.88	6.82188
25	19.915	6.82268
25	19.95	6.82347
25	19.985	6.82426
25	20.02	6.82505
25	20.055	6.82583
25	20.09	6.82661
25	20.125	6.82738
25	20.16	6.82815
25	20.195	6.82892
25	20.23	6.82968
25	20.265	6.83044
25	20.3	6.8312
25	20.335	6.83195
25	20.37	6.8327
25	20.405	6.83344
25	20.44	6.83419
25	20.475	6.83492
25	20.51	6.83566
25	20.545	6.83639
25	20.58	6.83712
25	20.615	6.83784
25	20.65	6.83856
25	20.685	6.83928
25	20.72	6.84
25	20.755	6.84071
25	20.79	6.84142
25	20.825	6.84212
25	20.86	6.84282
25	20.895	6.84352
25	20.93	6.84422
25	20.965	6.84491
25	21	6.8456
25	21.035	6.84629
25	21.07	6.84697
25	21.105	6.84765
25	21.14	6.84833
25	21.175	6.849
25	21.21	6.84968
25	21.245	6.85034
25	21.28	6.85101
25	21.315	6.85167
25	21.35	6.85233
25	21.385	6.85299
25	21.42	6.85365
25	21.455	6.8543
25	21.49	6.85495
25	21.525	6.85559
25	21.56	6.85624
25	21.595	6.85688
25	21.63	6.85752
25	21.665	6.85815
25	21.7	6.85879
25	21.735	6.85942
25	21.77	6.86005
25	21.805	6.86067
25	21.84	6.8613
25	21.875	6.86192
25	21.91	6.86253
25	21.945	6.86315
25	21.98	6.86376
25	22.015	6.86438
25	22.05	6.86498
25	22.085	6.86559
25	22.12	6.86619
25	22.155	6.86679
25	22.19	6.86739
25	22.225	6.86799
25	22.26	6.86859
25	22.295	6.86918
25	22.33	6.86977
25	22.365	6.87035
25	22.4	6.87094
25	22.435	6.87152
25	22.47	6.8721
25	22.505	6.87268
25	22.54	6.87326
25	22.575	6.87383
25	22.61	6.87441
25	22.645	6.87498
25	22.68	6.87555
25	22.715	6.87611
25	22.75	6.87668
25	22.785	6.87724
25	22.82	6.8778
25	22.855	6.87835
25	22.89	6.87891
25	22.925	6.87946
25	22.96	6.88002
25	22.995	6.88057
25	23.03	6.88111
25	23.065	6.88166
25	23.1	6.8822
25	23.135	6.88275
25	23.17	6.88329
25	23.205	6.88383
25	23.24	6.88436
25	23.275	6.8849
25	23.31	6.88543
25	23.345	6.88596
25	23.38	6.88649
25	23.415	6.88702
25	23.45	6.88754
25	23.485	6.88807
25	23.52	6.88859
25	23.555	6.88911
25	23.59	6.88963
25	23.625	6.89014
25	23.66	6.89066
25	23.695	6.89117
25	23.73	6.89168
25	23.765	6.89219
25	23.8	6.8927
25	23.835	6.89321
25	23.87	6.89371
25	23.905	6.89422
25	23.94	6.89472
25	23.975	6.89522
25	24.01	6.89572
25	24.045	6.89622
25	24.08	6.89671
25	24.115	6.8972
25	24.15	6.8977
25	24.185	6.89819
25	24.22	6.89868
25	24.255	6.89916
25	24.29	6.89965
25	24.325	6.90013
25	24.36	6.90062
25	24.395	6.9011
25	24.43	6.90158
25	24.465	6.90206
25	24.5	6.90254
25	24.535	6.90301
25	24.57	6.90349
25	24.605	6.90396
25	24.64	6.90443
25	24.675	6.9049
25	24.71	6.90537
25	24.745	6.90584
25	24.78	6.9063
25	24.815	6.90677
25	24.85	6.90723
25	24.885	6.90769
25	24.92	6.90815
25	24.955	6.90861
25	24.99	6.90907
25	25.025	6.90952
25	25.06	6.90998
25	25.095	6.91043
25	25.13	6.91089
25	25.165	6.91134
25	25.2	6.91179
25	25.235	6.91224
25	25.27	6.91268
25	25.305	6.91313
25	25.34	6.91357
25	25.375	6.91402
25	25.41	6.91446
25	25.445	6.9149
25	25.48	6.91534
25	25.515	6.91578
25	25.55	6.91622
25	25.585	6.91665
25	25.62	6.91709
25	25.655	6.91752
25	25.69	6.91796
25	25.725	6.91839
25	25.76	6.91882
25	25.795	6.91925
25	25.83	6.91968
25	25.865	6.9201
25	25.9	6.92053
25	25.935	6.92095
25	25.97	6.92138
25	26.005	6.9218
25	26.04	6.92222
25	26.075	6.92264
25	26.11	6.92306
25	26.145	6.92348
25	26.18	6.9239
25	26.215	6.92431
25	26.25	6.92473
25	26.285	6.92514
25	26.32	6.92556
25	26.355	6.92597
25	26.39	6.92638
25	26.425	6.92679
25	26.46	6.9272
25	26.495	6.9276
25	26.53	6.92801
25	26.565	6.92842
25	26.6	6.92882
25	26.635	6.92923
25	26.67	6.92963
25	26.705	6.93003
25	26.74	6.93043
25	26.775	6.93083
25	26.81	6.93123
25	26.845	6.93163
25	26.88	6.93202
25	26.915	6.93242
25	26.95	6.93282
25	26.985	6.93321
25	27.02	6.9336
25	27.055	6.934
25	27.09	6.93439
25	27.125	6.93478
25	27.16	6.93517
25	27.195	6.93556
25	27.23	6.93594
25	27.265	6.93633
25	27.3	6.93672
25	27.335	6.9371
25	27.37	6.93749
25	27.405	6.93787
25	27.44	6.93825
25	27.475	6.93863
25	27.51	6.93901
25	27.545	6.93939
25	27.58	6.93977
25	27.615	6.94015
25	27.65	6.94053
25	27.685	6.9409
25	27.72	6.94128
25	27.755	6.94166
25	27.79	6.94203
25	27.825	6.9424
25	27.86	6.94277
25	27.895	6.94315
25	27.93	6.94352
25	27.965	6.94389
25	28	6.94426
25	28.035	6.94462
25	28.07	6.94499
25	28.105	6.94536
25	28.14	6.94573
25	28.175	6.94609
25	28.21	6.94646
25	28.245	6.94682
25	28.28	6.94718
25	28.315	6.94754
25	28.35	6.94791
25	28.385	6.94827
25	28.42	6.94863
25	28.455	6.94899
25	28.49	6.94934
25	28.525	6.9497
25	28.56	6.95006
25	28.595	6.95042
25	28.63	6.95077
25	28.665	6.95113
25	28.7	6.95148
25	28.735	6.95183
25	28.77	6.95219
25	28.805	6.95254
25	28.84	6.95289
25	28.875	6.95324
25	28.91	6.95359
25	28.945	6.95394
25	28.98	6.95429
25	29.015	6.95464
25	29.05	6.95498
25	29.085	6.95533
25	29.12	6.95568
25	29.155	6.95602
25	29.19	6.95636
25	29.225	6.95671
25	29.26	6.95705
25	29.295	6.95739
25	29.33	6.95774
25	29.365	6.95808
25	29.4	6.95842
25	29.435	6.95876
25	29.47	6.9591
25	29.505	6.95944
25	29.54	6.95977
25	29.575	6.96011
25	29.61	6.96045
25	29.645	6.96078
25	29.68	6.96112
25	29.715	6.96145
25	29.75	6.96179
25	29.785	6.96212
25	29.82	6.96245
25	29.855	6.96279
25	29.89	6.96312
25	29.925	6.96345
25	29.96	6.96378
25	29.995	6.96411
25	30.03	6.96444
25	30.065	6.96477
25	30.1	6.9651
25	30.135	6.96542
25	30.17	6.96575
25	30.205	6.96608
25	30.24	6.9664
25	30.275	6.96673
25	30.31	6.96705
25	30.345	6.96738
25	30.38	6.9677
25	30.415	6.96802
25	30.45	6.96835
25	30.485	6.96867
25	30.52	6.96899
25	30.555	6.96931
25	30.59	6.96963
25	30.625	6.96995
25	30.66	6.97027
25	30.695	6.97058
25	30.73	6.9709
25	30.765	6.97122
25	30.8	6.97154
25	30.835	6.97185
25	30.87	6.97217
25	30.905	6.97248
25	30.94	6.9728
25	30.975	6.97311
25	31.01	6.97342
25	31.045	6.97374
25	31.08	6.97405
25	31.115	6.97436
25	31.15	6.97467
25	31.185	6.97498
25	31.22	6.97529
25	31.255	6.9756
25	31.29	6.97591
25	31.325	6.97622
25	31.36	6.97653
25	31.395	6.97683
25	31.43	6.97714
25	31.465	6.97745
25	31.5	6.97775
25	31.535	6.97806
25	31.57	6.97836
25	31.605	6.97867
25	31.64	6.97897
25	31.675	6.97927
25	31.71	6.97957
25	31.745	6.97988
25	31.78	6.98018
25	31.815	6.98048
25	31.85	6.98078
25	31.885	6.98108
25	31.92	6.98138
25	31.955	6.98168
25	31.99	6.98197
25	32.025	6.98227
25	32.06	6.98257
25	32.095	6.98286
25	32.13	6.98316
25	32.165	6.98346
25	32.2	6.98375
25	32.235	6.98404
25	32.27	6.98434
25	32.305	6.98463
25	32.34	6.98492
25	32.375	6.98522
25	32.41	6.98551
25	32.445	6.9858
25	32.48	6.98609
25	32.515	6.98638
25	32.55	6.98667
25	32.585	6.98696
25	32.62	6.98724
25	32.655	6.98753
25	32.69	6.98782
25	32.725	6.9881
25	32.76	6.98839
25	32.795	6.98867
25	32.83	6.98896
25	32.865	6.98924
25	32.9	6.98953
25	32.935	6.98981
25	32.97	6.99009
25	33.005	6.99037
25	33.04	6.99065
25	33.075	6.99093
25	33.11	6.99121
25	33.145	6.99149
25	33.18	6.99177
25	33.215	6.99205
25	33.25	6.99232
25	33.285	6.9926
25	33.32	6.99288
25	33.355	6.99315
25	33.39	6.99343
25	33.425	6.9937
25	33.46	6.99397
25	33.495	6.99424
25	33.53	6.99452
25	33.565	6.99479
25	33.6	6.99506
25	33.635	6.99532
25	33.67	6.99559
25	33.705	6.99586
25	33.74	6.99613
25	33.775	6.99639
25	33.81	6.99666
25	33.845	6.99692
25	33.88	6.99718
25	33.915	6.99745
25	33.95	6.99771
25	33.985	6.99797
25	34.02	6.99823
25	34.055	6.99849
25	34.09	6.99874
25	34.125	6.999
25	34.16	6.99926
25	34.195	6.99951
25	34.23	6.99976
25	34.265	7.00002
25	34.3	7.00027
25	34.335	7.00052
25	34.37	7.00077
25	34.405	7.00101
25	34.44	7.00126
25	34.475	7.0015
25	34.51	7.00175
25	34.545	7.00199
25	34.58	7.00223
25	34.615	7.00247
25	34.65	7.00271
25	34.685	7.00294
25	34.72	7.00318
25	34.755	7.00341
25	34.79	7.00364
25	34.825	7.00387
25	34.86	7.0041
25	34.895	7.00432
25	34.93	7.00454
25	34.965	7.00476
25	35	7.00498

